id,name,email,password,phoneNo,age,gender,status,membership
1,Bina Rajagopalan,ramangaurangi@example.org,4sUFROcZ,424081862,46,FEMALE,ACTIVE,SILVER
2,Oviya Puri,kashishsodhi@example.org,kobShehd,1743301627,35,FEMALE,INACTIVE,GOLD
3,Jasmit Thakkar,divanwarda@example.com,PXOdo4I2,1088955543,30,MALE,INACTIVE,GOLD
4,Ubika Sachar,modifariq@example.net,JlSXlJ9c,512629809,28,FEMALE,INACTIVE,SILVER
5,Hritik Dalal,thakurniharika@example.net,7wUXgHWm,9147419802,26,FEMALE,BLOCKED,BRONZE
6,Dipta Nayar,zgole@example.com,IYIT8hQb,8042241554,26,MALE,ACTIVE,GOLD
7,Anika Seshadri,bhatiaavni@example.org,sny19X2R,6939499464,23,FEMALE,BLOCKED,BRONZE
8,Noah Pillai,shanaarna@example.net,CYZR0V8u,5837404362,38,TRANSGENDER,ACTIVE,GOLD
9,Jacob Madan,vrindashroff@example.com,jkhRNLKE,1460813780,30,TRANSGENDER,BLOCKED,SILVER
10,Faris Mallick,widishaborra@example.net,mbFAIB0P,380894661,37,FEMALE,ACTIVE,GOLD
11,Yutika Bedi,triya99@example.org,5TCbZGUK,8620470374,54,MALE,ACTIVE,SILVER
12,Lohit Rout,hchauhan@example.org,r8A48048,8319793847,22,TRANSGENDER,INACTIVE,DIAMOND
13,Shivani Kala,rachita58@example.net,opgchLpl,7958579567,50,MALE,BLOCKED,GOLD
14,Triya Sodhi,epingle@example.org,QJHDudfR,4310295906,26,MALE,BLOCKED,GOLD
15,Veer Sarma,anamikadube@example.com,abJQNS16,9354943849,34,TRANSGENDER,ACTIVE,DIAMOND
16,Ikshita Prabhakar,pchander@example.com,RoaIzqXz,489313896,37,TRANSGENDER,BLOCKED,GOLD
17,Sai Vyas,chakradharparmar@example.com,PmCcmYZV,3531381470,32,TRANSGENDER,BLOCKED,SILVER
18,Theodore Rattan,radha29@example.com,Hlzg2hzM,5701688820,49,FEMALE,BLOCKED,BRONZE
19,Kala Sethi,vwalla@example.org,ZHE3glcu,1410778064,54,FEMALE,INACTIVE,BRONZE
20,Jyoti Kohli,agastya95@example.org,FhBZmQRq,1969752229,48,FEMALE,ACTIVE,BRONZE
21,Bakhshi Sampath,warhinarula@example.com,iGYszYT2,3111003363,18,FEMALE,INACTIVE,SILVER
22,Vaishnavi Sama,libni51@example.com,pn4TUatB,6339158821,25,TRANSGENDER,INACTIVE,GOLD
23,Pahal Handa,isaac06@example.org,swhcEo1U,1498727455,31,FEMALE,INACTIVE,DIAMOND
24,Aayush Dhar,vasanakarnik@example.com,h0kS0gP6,5005982444,41,MALE,INACTIVE,DIAMOND
25,Dayita Murty,hjhaveri@example.org,a4rilpXh,2647392473,44,MALE,ACTIVE,GOLD
26,Atharv Nayak,rudra50@example.com,z5x0KHiq,5614229278,24,MALE,BLOCKED,DIAMOND
27,Vrishti Srivastava,sacharmanya@example.org,v1ytPxVV,5477288100,51,FEMALE,INACTIVE,BRONZE
28,Tanvi Shetty,oviyalata@example.com,qLKkbe8P,1977159796,50,FEMALE,INACTIVE,DIAMOND
29,Turvi Rajagopal,memonkashvi@example.org,gxJawfZs,1578851559,52,FEMALE,INACTIVE,GOLD
30,Gayathri Chaudhary,sankarvivaan@example.net,ufT2oSuI,658129673,43,FEMALE,INACTIVE,DIAMOND
31,Oscar Bhardwaj,sacharvaishnavi@example.net,HnJwrU3G,6557019370,32,FEMALE,ACTIVE,SILVER
32,Amaira Manda,vsalvi@example.org,fVkqNP7y,2859804263,44,TRANSGENDER,BLOCKED,DIAMOND
33,Jagvi Chana,liam96@example.org,923u8Obr,4664547921,26,FEMALE,INACTIVE,GOLD
34,Ira Venkatesh,mkhare@example.net,aF7GMJza,7666635624,26,MALE,INACTIVE,GOLD
35,Vanya Bhagat,sai38@example.net,RSnd5pki,1360502693,49,FEMALE,INACTIVE,DIAMOND
36,Anamika Oommen,pahal88@example.net,WELg1b3l,1742688478,21,MALE,INACTIVE,SILVER
37,Vasudha Natt,ganga64@example.net,OMg5wYTG,1185545475,36,TRANSGENDER,INACTIVE,SILVER
38,Siya Mann,kalaapte@example.net,GjpvJdWX,3797267793,51,FEMALE,INACTIVE,SILVER
39,Rushil Andra,pateladvik@example.com,42kdgVaF,1581568715,50,FEMALE,ACTIVE,BRONZE
40,Pahal Mital,kaisandal@example.net,vuXOgCEr,3030973584,36,MALE,ACTIVE,SILVER
41,Yahvi Pillay,rajagopalanvarenya@example.org,yusOf6tx,2209776489,31,FEMALE,INACTIVE,BRONZE
42,Joshua Anand,ridhikashyap@example.net,LUcxz5qb,1070295155,50,TRANSGENDER,BLOCKED,DIAMOND
43,Yashvi Chandran,mohammedkothari@example.org,2mfN7m6S,9413170461,24,MALE,ACTIVE,BRONZE
44,Forum Wagle,umang60@example.org,dGyb48yw,9763256078,29,TRANSGENDER,BLOCKED,DIAMOND
45,Pranav Sarkar,atwalchanchal@example.net,kjBYsFl5,7175451978,37,MALE,ACTIVE,SILVER
46,Xalak Sarkar,raomadhav@example.net,qMXzmlR0,8961912428,44,MALE,BLOCKED,BRONZE
47,Nirja Kale,charan58@example.net,2Cp1CgS5,590423122,22,MALE,ACTIVE,DIAMOND
48,Frederick Bal,unnati63@example.net,Obd8Msvi,5171833274,45,TRANSGENDER,BLOCKED,DIAMOND
49,Jairaj Trivedi,ushetty@example.org,HTi1rPc4,581800238,34,TRANSGENDER,BLOCKED,DIAMOND
50,Ranveer Bumb,dhawanabdul@example.org,9ymY2feP,9093790691,36,TRANSGENDER,ACTIVE,GOLD
