id,name,age,gender,email,password,phoneNumber,city
1,Ravi Kumar,28,Male,ravi1@gmail.com,ravi123,9876500001,Hyderabad
2,Anita Sharma,25,Female,anita2@gmail.com,anita123,9876500002,Bangalore
3,John Mathew,30,Male,john3@gmail.com,john123,9876500003,Chennai
4,Pooja Reddy,27,Female,pooja4@gmail.com,pooja123,9876500004,Hyderabad
5,Arjun Singh,32,Male,arjun5@gmail.com,arjun123,9876500005,Delhi
6,Neha Verma,24,Female,neha6@gmail.com,neha123,9876500006,Mumbai
7,Rahul Das,29,Male,rahul7@gmail.com,rahul123,9876500007,Kolkata
8,Sneha Iyer,26,Female,sneha8@gmail.com,sneha123,9876500008,Chennai
9,Vikram Rao,31,Male,vikram9@gmail.com,vikram123,9876500009,Hyderabad
10,Kiran Patel,28,Male,kiran10@gmail.com,kiran123,9876500010,Ahmedabad
11,Asha Gupta,23,Female,asha11@gmail.com,asha123,9876500011,Delhi
12,Rohan Mehta,35,Male,rohan12@gmail.com,rohan123,9876500012,Mumbai
13,Divya Nair,27,Female,divya13@gmail.com,divya123,9876500013,Kochi
14,Suresh Babu,40,Male,suresh14@gmail.com,suresh123,9876500014,Hyderabad
15,Meena Kumari,29,Female,meena15@gmail.com,meena123,9876500015,Patna
16,Amit Shah,33,Male,amit16@gmail.com,amit123,9876500016,Ahmedabad
17,Kavya Reddy,22,Female,kavya17@gmail.com,kavya123,9876500017,Hyderabad
18,Deepak Yadav,31,Male,deepak18@gmail.com,deepak123,9876500018,Delhi
19,Shreya Sen,26,Female,shreya19@gmail.com,shreya123,9876500019,Kolkata
20,Manoj Kumar,38,Male,manoj20@gmail.com,manoj123,9876500020,Patna
21,Priya Sharma,24,Female,priya21@gmail.com,priya123,9876500021,Delhi
22,Nikhil Jain,30,Male,nikhil22@gmail.com,nikhil123,9876500022,Jaipur
23,Ritika Kapoor,27,Female,ritika23@gmail.com,ritika123,9876500023,Delhi
24,Ajay Verma,35,Male,ajay24@gmail.com,ajay123,9876500024,Kanpur
25,Sunita Devi,42,Female,sunita25@gmail.com,sunita123,9876500025,Varanasi
26,Rakesh Singh,36,Male,rakesh26@gmail.com,rakesh123,9876500026,Lucknow
27,Anil Kumar,34,Male,anil27@gmail.com,anil123,9876500027,Patna
28,Pallavi Joshi,28,Female,pallavi28@gmail.com,pallavi123,9876500028,Pune
29,Varun Malhotra,31,Male,varun29@gmail.com,varun123,9876500029,Chandigarh
30,Geeta Bai,39,Female,geeta30@gmail.com,geeta123,9876500030,Indore
31,Tarun Khanna,26,Male,tarun31@gmail.com,tarun123,9876500031,Delhi
32,Seema Roy,33,Female,seema32@gmail.com,seema123,9876500032,Kolkata
33,Kunal Arora,29,Male,kunal33@gmail.com,kunal123,9876500033,Delhi
34,Preeti Singh,27,Female,preeti34@gmail.com,preeti123,9876500034,Lucknow
35,Abhishek Mishra,32,Male,abhishek35@gmail.com,abhishek123,9876500035,Allahabad
36,Swati Gupta,25,Female,swati36@gmail.com,swati123,9876500036,Delhi
37,Vivek Sharma,37,Male,vivek37@gmail.com,vivek123,9876500037,Jaipur
38,Nisha Patel,28,Female,nisha38@gmail.com,nisha123,9876500038,Ahmedabad
39,Harish Kumar,41,Male,harish39@gmail.com,harish123,9876500039,Chennai
40,Komal Jain,24,Female,komal40@gmail.com,komal123,9876500040,Indore
41,Sachin Verma,34,Male,sachin41@gmail.com,sachin123,9876500041,Delhi
42,Priyanka Chopra,30,Female,priyanka42@gmail.com,priyanka123,9876500042,Mumbai
43,Gaurav Singh,28,Male,gaurav43@gmail.com,gaurav123,9876500043,Delhi
44,Rekha Sharma,36,Female,rekha44@gmail.com,rekha123,9876500044,Chandigarh
45,Imran Khan,33,Male,imran45@gmail.com,imran123,9876500045,Hyderabad
46,Farah Ali,29,Female,farah46@gmail.com,farah123,9876500046,Hyderabad
47,Santosh Kumar,38,Male,santosh47@gmail.com,santosh123,9876500047,Patna
48,Neelam Yadav,26,Female,neelam48@gmail.com,neelam123,9876500048,Lucknow
49,Rajesh Khanna,45,Male,rajesh49@gmail.com,rajesh123,9876500049,Mumbai
50,Madhuri Dixit,40,Female,madhuri50@gmail.com,madhuri123,9876500050,Mumbai
51,Akash Singh,23,Male,akash51@gmail.com,akash123,9876500051,Delhi
52,Sonal Mehta,27,Female,sonal52@gmail.com,sonal123,9876500052,Pune
53,Naveen Kumar,35,Male,naveen53@gmail.com,naveen123,9876500053,Hyderabad
54,Ritu Sharma,31,Female,ritu54@gmail.com,ritu123,9876500054,Delhi
55,Dev Patel,29,Male,dev55@gmail.com,dev123,9876500055,Ahmedabad
56,Ananya Das,24,Female,ananya56@gmail.com,ananya123,9876500056,Kolkata
57,Karthik Reddy,28,Male,karthik57@gmail.com,karthik123,9876500057,Hyderabad
58,Lavanya Iyer,26,Female,lavanya58@gmail.com,lavanya123,9876500058,Chennai
59,Prakash Singh,39,Male,prakash59@gmail.com,prakash123,9876500059,Delhi
60,Tina Kapoor,28,Female,tina60@gmail.com,tina123,9876500060,Mumbai